PWEzh,4YBMElv@gmail.com,ThBpywRQ,user,0563897826
BSDwDFe3p,0LPPIRWu9t@gmail.com,OWBvZOwz,user,2955223586
vIrDwu5jI,QIhPVUih4@gmail.com,06bVcjeR,user,1013769026
bxfofj,mcx4PuAavK@gmail.com,TGCXRuA8,user,1483483045
JWhu3,nOlfnaCI4j@gmail.com,p53jTD2i,admin,6363681605
rlo8,96xdONAlr@gmail.com,dsMG9dte,admin,8722851590
UgRau,Lp6ug0fTS@gmail.com,bcFwL91e,user,6406651739
w23pk,bo5kx7@gmail.com,Vj6mqxfg,admin,2706878456
96E8DXmjl,yiEHH@gmail.com,47mIdj3i,user,6075762372
sgFt7OO,Q6R1kf@gmail.com,4aDnuVNq,user,5105222852
IcnThb2r,bbv4@gmail.com,eIJWACFB,user,3220258782
mELBSmp,GKeV@gmail.com,PmDMLFXp,user,9419957919
UCUyWO65,xywvisUPkz@gmail.com,9edc1OjB,user,9666653397
2T5u,eDds@gmail.com,kSBIysBa,user,2024474577
dB0ng,Jy7ZqCAjA@gmail.com,6W38UkiE,user,5086525556
lhFoOq8uQ,3DTiFR@gmail.com,52OjlKZ2,user,7822669531
hgQqQu2gnq,dG0fWzsZ@gmail.com,b0AH3fpo,admin,7901333423
lHJhmxvaok,CpFBb4O@gmail.com,6Q5wbyOu,user,5619982359
Y4b3w2,zuuBzyky@gmail.com,Qu5i7PCL,user,8408175284
yRdHy1ZF6,DIRSd@gmail.com,dyllNE5p,user,8729806918
dVf95,Bh6RQuw@gmail.com,DLrk7PBs,admin,4945247485
jaors0,ldqylwrqvr@gmail.com,en5GuVHJ,user,2660362558
Hhxp1S,d32B@gmail.com,8UJuib8l,user,4064110966
PkIfZi,uuy4@gmail.com,FEfde2qT,user,6582868777
pxlpYF4t,yGacsL9gK@gmail.com,vU8F1Gnz,user,5716428468
BZePhr,AUl2YxL@gmail.com,2hfebsIH,user,2058495795
ziHne536R,kary8Be@gmail.com,JHFDAcHS,user,2529445210
K1y9tdEv,haOPqo7@gmail.com,KBeHgd2N,user,6516065848
sOnm,5TBy8dlETV@gmail.com,6EncdFuj,admin,9798028772
DSbtbJ24KG,Rzn2Ptrum@gmail.com,EnCwKBIm,user,4830894849
YlfDLn5VlI,EBco6m@gmail.com,ZVfXUglt,user,8954787196
uHULm,TZUdM@gmail.com,sNnGc2hY,user,6890963950
TOeDis,ISX5Q@gmail.com,3nsAzLo1,user,1171787041
kdg1Rb6,lVR6@gmail.com,HayO9QHN,admin,7816948376
hymqCA,3MgLEQNO@gmail.com,GYbVeDSv,user,4965514832
zUwlt,PP790FNUtC@gmail.com,m39ya6p0,user,2006419127
l9fqWtCqQ,iaRI@gmail.com,jRVDuOvl,user,1318970401
zCzjzTVSS,UMnLzHt8iz@gmail.com,tqUHXH4Q,user,1957791573
JX6A,QdL4GOQ7Bk@gmail.com,3Z3u6iRB,user,0129536560
pHeUM,XUyHaGf@gmail.com,yme7uMrr,user,2652681043
ldXVF,ZY0tNlb7vT@gmail.com,9D15xPhi,user,7133107589
fu5MGaok,4CVoJMw@gmail.com,KbmsR047,user,7007925770
IuzRx2,dSiDTrlLoB@gmail.com,X1HBLQn3,user,3804649671
4bKH,QyzuE9YHn4@gmail.com,74qonbBm,user,3900887671
K9kqLA3,iE9GkA3@gmail.com,NmNgFD9r,user,4328104609
ZnY55Q,7WvbEPkJ@gmail.com,qOqoQZew,user,1009991064
CCM403,pPM2G3K6r@gmail.com,eN5WuDae,user,6848281346
VyhXpOM,tjoLA@gmail.com,bOTyTQUB,user,1032807658
ZF6y2AkI,1RsFwT@gmail.com,kDVdTt7Z,user,9455716825
auzd,scEK@gmail.com,cgW5urlj,user,1125092554
U0vr1,uumT8WKlVF@gmail.com,kFEwkQNt,user,4156724408
1kut3Xxv,x6z6H@gmail.com,F5lcyCkB,user,1431864003
NIn9nOaq,625hl@gmail.com,ADaCGODW,user,0085170744
X2ssj9,CdvVgu837@gmail.com,oFPdpOjJ,user,4799662088
kKO75,UIfSg@gmail.com,MZqZqpjD,user,4473039080
hq61rkr8L,5qVwS5@gmail.com,qn0ZJsyc,user,0946726482
HV8CG,5o4rIi12WG@gmail.com,TepEWpDq,admin,7087969796
a5ohuHrJ3,EONsScSX@gmail.com,RoA7gQv1,user,5684386956
7uKLvnNCRn,46VXgyr@gmail.com,9uO7UuUa,user,1198695249
TzTvRZrK,N206f9oy@gmail.com,uLLsNICL,user,1942518462
kUpvs,q5lD9di3@gmail.com,c1f5u0Yy,user,9192245221
5tdBr1lTKI,RSzV@gmail.com,k2u1CKgG,user,3269654418
S8F5o,9FlUdKvqEL@gmail.com,aJc4QCaD,user,9093713441
DEKQxVA3,cSwsqDa@gmail.com,lnzQq3pr,user,4548208979
8SGf1Q,MbOR@gmail.com,gGmzOghM,user,8910050893
5gvgB,MWRPSaXp@gmail.com,ixj7JDQu,admin,2441123947
DeB08tOg,6QvSOP7@gmail.com,4I0oT1mH,user,1125465355
f4PP9R7SJ,JCmAG@gmail.com,Z5nvG8Ma,user,2341220570
vBCL3JS,pxFmBnU@gmail.com,wnYdYsxY,user,2632054310
A8iIo,wGKPI@gmail.com,25hDKYhr,user,5447785295
Pvfg2Eu,FiI1sK9E2L@gmail.com,HcSNZnEg,user,1958903549
1HzG0,CHOQEOHSA@gmail.com,wNR0NsGL,admin,1548260133
ATSW,mqt6RQvUhW@gmail.com,Th3SHTI6,user,8192779877
8ICm2,U7njBA7wf@gmail.com,a9iH2AhP,admin,7756680651
GVUhT6Xic,r3lxZjDLG@gmail.com,00DVKmkJ,admin,6697160340
IHPDYPFi,GO1wK4d3MK@gmail.com,3cX6yUe5,user,7391644261
wKFVR,vuzq@gmail.com,AZRD5W7n,user,2642763779
7Mq25BV,O5HzIolk@gmail.com,EfQhtBag,user,1285789547
oMHh2qYB2M,aPZ7J@gmail.com,Kunti6aC,user,6782516421
9nGCfyn,T9OjgT8@gmail.com,fRrEgD4k,user,1062256709
e1uk3PRy,5S7bd@gmail.com,DN7AVXxx,user,7236881086
YqSz7peXWG,u8XfNiIlU@gmail.com,gyNYlyHs,user,1144866936
iTwb,VgnQhqsRH@gmail.com,mjE1MZoe,user,9284564392
VYjp8,zV3aG94Jpj@gmail.com,KPLVKrIY,admin,7568877724
3kbJSs,UbkRypuHWt@gmail.com,Y307qdHt,user,7760529536
0GcAM954,MK80@gmail.com,vSOl7qPl,user,2872676344
jCvXCUjT,Os632Itlj@gmail.com,eHOEJyPR,user,2106112992
vTCy9nC,hjU8xU@gmail.com,EoMrp4eI,user,4625589877
wJcW0ihP,ZAOhHXBO@gmail.com,YUCtXv13,user,6060104964
n6eD,enQNmzjz@gmail.com,EUGlk6cM,user,2712837254
oSw5xrw8,eCJL6@gmail.com,F9QyzyO5,user,1250582014
sdNwW7,Mntx@gmail.com,zq7LvSdY,user,3314292079
xWSfe8,FmBCODD@gmail.com,IFju1LYz,user,7702960600
CrRt6ISZQp,AUMmPSN@gmail.com,sq5EExue,user,8632526509
6NgzfkA,nzw5P@gmail.com,RUaULceR,admin,7742829303
n6n4cwJj,4TsSF7@gmail.com,HGXJVQJc,user,6448346824
AH1hJ6QYw3,QrggJE@gmail.com,fhfFHzuv,user,2923884323
uO6tQ,uA6NX38P@gmail.com,PS34DAK7,user,9605257582
jTHNCS,rnYXKSt67V@gmail.com,AgmUfkfz,user,6047156394
HorXTLy8k,tTBCz@gmail.com,KjSCVSSl,user,8126857413
4jwDlr2Ih,6jt9TEMcu8@gmail.com,Cep0LCjW,user,7267609686
9B3DqNFK,ljkA0Wpjg@gmail.com,rzJ6kwUx,user,7141333187
q9GefdSxH,KB9V@gmail.com,d0fmGifQ,user,6631081568
G0i6eFs51,Jez46@gmail.com,cbwyveui,user,5598874925
hhtisd6,gQFQ9jkN@gmail.com,5i6shGEe,user,6352977962
FhpCqBW7p,NwyBE@gmail.com,D2MjfUl5,user,7835062009
GBkQJ,Kd1rdgo@gmail.com,60Ce47o9,admin,4502638609
wxl4,xpmupWU6iE@gmail.com,jnzpHe4q,user,4433012768
vJjA8xaS4,3OcnG@gmail.com,RyaOxj97,user,4556565064
Cy77STlT,wlCvF@gmail.com,fsnONPf1,user,5242668128
tlUQIh54,wYmx29pow7@gmail.com,nb7fFmFx,user,0253462214
Ans0Iun,01Kj67o@gmail.com,WgHyoU2l,user,0961997017
DKrpfXHSa8,98VxrdG@gmail.com,dZoKsA53,user,4808343472
LU3P8I3Va,q8zWE1l2@gmail.com,ytYeRAV8,user,8887902251
zilLX8a,uphY19d@gmail.com,V7HPaf13,user,0789766053
30w2dK,tAsmfj@gmail.com,wMpFew5I,user,0517017534
Y6fYC6O,OBzqj@gmail.com,suJMsPRp,user,4232860904
eZWG,DhPbVj6X@gmail.com,dcdJ57iB,user,2292568149
wFnZpZW,AKA5zWcz4@gmail.com,UBnhbk5n,user,3947390671
o6HkHGEEi,OtBzBQ@gmail.com,Ki9iVktI,user,8903514385
ryUb,OsSOp@gmail.com,NiTXzWYc,user,3674973059
WPGJzKHY2,hjsou09U@gmail.com,wXXDdNE8,user,0038861288
3OPLInn,2DEW@gmail.com,Br5TdfCo,user,2837673361
j46iGmk36,ju0GTh4Hl@gmail.com,iM5LR77G,user,9741893488
eHSWe,t2JcM@gmail.com,DFpCMXZZ,user,7247707402
tBHPze,0hzBA4@gmail.com,w2KYH0B9,user,2113221757
TEfG1bLz3n,vm2M@gmail.com,kpRkRFGX,user,5946185829
HVIkJZ,fysK42G8nc@gmail.com,JP5eirUs,user,7223274266
zCKntRDnk,Nnf3x8@gmail.com,47UivDjE,user,4740631749
JqcwvtB,iAeC@gmail.com,e5EJwU7T,user,1116879415
nz7Y2,iFIzHKb2n@gmail.com,g7RxhgeZ,admin,9190164576
kS1WM2ORqj,6MaDF@gmail.com,4IWySia2,user,7829263819
4qPoaa6kf,eAtCq@gmail.com,gpbuBYNz,user,6794114461
9UB47jYK,KYHmC3z@gmail.com,UEqt3EcO,user,4423266715
WCc12o9qpy,tPJYHZLz@gmail.com,nSzQSlRI,user,9148523607
Bulj,WvEDtF@gmail.com,0NBajgY0,user,4853942845
KXbx,EwtgnNOmS8@gmail.com,4n4nH2Sh,user,9441624095
cxpKyZ9,Z6QZZOoXi@gmail.com,Oo2iFOBV,user,0396736771
nfP8dFxoet,oDGI0XW@gmail.com,tHnNFG6v,user,5986841494
WFi47U,iDAiQq0xA@gmail.com,P0xUlPKx,user,1390881690
sUcF,nlVPw@gmail.com,XXLUSesK,admin,9523954747
nMkv0kkfsE,qsURG@gmail.com,McLlgV1F,user,5684585847
2e5jb8Tv,0z3Pwwt@gmail.com,3iRK2WKv,user,7187878892
rsLy,f3Dq@gmail.com,aSqsAgUb,user,5257838265
Hhl0NlZ,jfCE@gmail.com,i2Gpqcwf,user,3423586831
TVCjXhhGD,3ovy3TTq@gmail.com,ARJuyE86,user,8171966120
SG9Q8R5,5sONldLpB@gmail.com,NnNKqjaK,user,2392399924
55rHOwR,fdusWL@gmail.com,VxHLscCN,user,9354172873
FkoLJ,quWm7Q6Iuo@gmail.com,LxGV1QWr,user,1888087478
lHf4mu1zs,lRmkqSK@gmail.com,uATx0Jdf,user,6204592046
iNzJXMtVWx,BwjmlR0@gmail.com,87J0OXGy,user,7328846872
509NsEt,QZqNI@gmail.com,gMd4Z7gK,user,6185363609
rW7RJKDnvl,8McKcRkik@gmail.com,H8hMPIyC,user,0927753622
rCBoy,ZvNzM@gmail.com,9ob9qiss,user,9567619900
vfXHuL6fhh,TnIFpbJc@gmail.com,GRin33uW,user,5185026533
8vYyK0w,mDIcn@gmail.com,gX2XVM0m,user,4297846127
7fQ5sM,DLHi8HX@gmail.com,KigghRrz,user,3204758596
cofDia,u4OHt5@gmail.com,gJMcmHeN,user,9188269723
YOeKyp9L,lnjuz51c7@gmail.com,cd54nI5I,user,7981647617
hhX9qovnuV,ApPNjekRF@gmail.com,t13snSWy,user,5246318155
bpaw2JJw0,nDsR3@gmail.com,PmciYvnH,user,5646471889
goWTFM0Yf,1ZyGeq@gmail.com,aKx8MFB3,user,9944578865
jDPocdY,Vd4S@gmail.com,zEud1EX1,user,1457675201
2Rttw,Pmn58zJ@gmail.com,53trzl8o,admin,4557283758
YGfx,eskXJY@gmail.com,StmWX1MU,user,4238717679
tyLgz7HAr,zoUDBiCx@gmail.com,OeRXgZ2z,user,5177925926
Mp98zz3,p1gM2ZE@gmail.com,jbSJIoZ1,user,2173150847
l1qk88OCsQ,pMBFtwMp@gmail.com,IgiPhxwi,user,8255262783
ZZoRC5Ot,mBPvPLQXK@gmail.com,Np0hnVj0,user,6749441155
cKg9Wu4,dnJEF9ic@gmail.com,bpOSCp8y,user,1365491112
mJUaKoC,qscrqh9E32@gmail.com,5bFDRFXM,user,6219644990
5R9uGIlG,9l0nr@gmail.com,Pgeaf1AX,user,4178159239
fleLYqp,ydzfY@gmail.com,Vqbjy1RR,user,7937279958
xPWoZC,d3BJe75cM@gmail.com,dofjaLSP,user,4692589041
akYzfkxEtR,2I8OS6@gmail.com,gA45aS8q,user,0955238658
aE6a76w8Xj,UHN6r@gmail.com,cEOh7QF7,user,6675454473
hnsV,YwsMFj@gmail.com,uyemYKw7,user,2462100478
EcwirzSym4,jP2OAYe2@gmail.com,yxhZa6AP,user,0292098058
bsVAqVeh,8JaVhJs@gmail.com,vz6tnM0k,user,3596534238
VR2tZcEpp,RlMV7Tz@gmail.com,bZScJWht,user,9774234390
VgrzS9gm,8oXpAbVfq@gmail.com,DfZch2cw,user,0950873688
FvzTt,bWzo@gmail.com,fstAwct8,user,7337640612
xKqjg,eCyKRh8@gmail.com,TpvcIgPI,admin,8723996904
kGJSe,zTgqR@gmail.com,XKtUcjdL,admin,1687685690
HziZ11q,eptLLDsJHh@gmail.com,lOef2I9e,user,1875207633
CBxo,uxQW2G39Pe@gmail.com,VWKI83wa,user,8165993808
MmaBbQEKEZ,I5Z5Bwe4OK@gmail.com,yqCvwoWE,user,2132882710
nFKhkbEe,EYTNkE0R@gmail.com,IgLExdgp,user,3413098361
qsoG,5EqgDIEra@gmail.com,XuuSQdIK,user,8908790309
EfF4SKU,qj7Fa@gmail.com,QBNndOXB,user,1573799016
VShUezSd,EUERxwzJ@gmail.com,Do4RuIF1,user,1367003269
pQ0cUFa,QpcAIlbK@gmail.com,Q7o74mWg,user,6589659245
23bYxudPKu,OBfd3@gmail.com,1nYh3bit,user,6531295436
jryl,pqB6pOED@gmail.com,SRm0ju3i,user,7360229561
Sa4Iuzrqd,ZmQQmvCaQz@gmail.com,3C3cWraw,admin,1076254164
GvwYknEJR,01AMz@gmail.com,CdYU8bmq,user,8926260385
3w7UAIY,rrlI@gmail.com,McUUvKXT,user,6998628690
wTBiiHdO7G,fdG5qyZD@gmail.com,c68vn54w,user,1036358407
K2dIs,aiFEI1@gmail.com,ZV4JkqMj,user,4129125747
uimLcTL7Q,eQmN@gmail.com,SX9gtK3U,user,6332518933
duibvUDp,NrS4@gmail.com,72QQ45Kf,user,4371686184
vKavp5utwd,IXl3M@gmail.com,G9jd7uCM,user,4394189602
znKqO,sbZgWnqCT@gmail.com,Aumqtccy,user,0266720428
zIf0otovd,apIg@gmail.com,P0mO7qjz,admin,9418102832
jQ775sHk,G07eo@gmail.com,yBURFpeY,user,6452037085
XPXN,Uyol@gmail.com,fx3eQUpW,user,9208210725
adQ2Y,yZBvaLV@gmail.com,3tKKQMdB,user,5201781483
AUjh,1MEqZOf@gmail.com,m1vMOea4,user,5643796792
OfXhhc,Ytj0@gmail.com,uFsu0NVo,user,5853898705
sIqA1bL,NfbxBgj6@gmail.com,cDHDA4X3,user,9762834241
zrOjfBU0k2,yZCPt7@gmail.com,5xgDbybg,user,7513905226
X3l67vNyuI,6d94Wzl2@gmail.com,R6LUz04c,admin,0793969286
NyDTW1Q8,EE4w@gmail.com,RUOt9uoy,user,4357890555
noWPK,zT6q5r@gmail.com,FZfyDhbS,user,8547339573
TEFVsKq,9mFl3GO6@gmail.com,LCD8U9zf,user,0645604613
ZE4b,jUJ32kgf@gmail.com,nbPtGZqd,user,5890845025
kNbVFD,S3Kb@gmail.com,oaE6o8Es,user,4033654762
rbyC,GDoo@gmail.com,zGZQ8sqq,user,1160792216
Tl9CeVmC9,OpDj@gmail.com,EvzvTEKO,user,9478122414
F2FQ,4ZekF0ynwY@gmail.com,t4F8rUFZ,user,0736893712
oGxFeto,ALxnMf18M@gmail.com,woCvdcZ6,user,8128003469
u3qBe,G7wlSk@gmail.com,WCisGeHR,user,3056833420
ae2GHgQo,Kia1a6S6@gmail.com,N1qoDvZl,user,3467339012
LMsdq3CP,vi6nW049@gmail.com,FMgjpaHN,user,2446519061
eAIAxiAz,x2ZB@gmail.com,yvYMgPv7,user,7499756457
CyF0D,Phgi@gmail.com,RhaggguS,user,8002996564
F8L7qrV,fq1ez0xr@gmail.com,5RmPXpRf,user,6512962717
QlNdvGHf,hupU879Qn@gmail.com,XhAyauZt,user,3831765791
khCTJJoSLN,KqtLR@gmail.com,zsZtCnQS,user,6092587347
iDyl1ogDcz,EMdJ1jUJh@gmail.com,9uVjskHw,user,0252116103
aHOIgIHnDv,xYbKVYG@gmail.com,2Y6DbSfH,user,4766327648
tHvp5PGDF,U53ITAB@gmail.com,cbzKIVGe,user,2520525762
cHUF6r,bYdXTIEFRY@gmail.com,rHybEC7r,user,7678960467
88J8,Vcu7Px@gmail.com,fTkPkFyQ,user,9354915936
My4XhWyNjD,Fmjew@gmail.com,w9ltLxhU,user,2840003363
2xQy,ooYLeVj9@gmail.com,Visx4DpY,user,0904929204
bdKf,w1xiCiVP2@gmail.com,FlCbcbsS,user,9117869019
cwlUVSx,S6zLh2@gmail.com,e6SdjswY,user,1022459420
Ojo99XI,EwlXu@gmail.com,e7llpdy3,user,1274215211
MZWdIlY,nXnCRKcbel@gmail.com,VZMwxahK,user,6735570675
wTkZ,oi428qUo8G@gmail.com,1qPUpayH,user,9414032855
sbuccSZt,x9mgsU@gmail.com,DorrEqW5,user,5667663299
MRFTIqyZ1K,tLk5nD2@gmail.com,KwjF2yTT,user,2971390232
NCdBwU9c,5yWDzYbhPf@gmail.com,KnNXj20G,user,2987374988
4AtikIQm,tGaWctX@gmail.com,a5qC4Cpm,user,3396185474
tcY3HB0h,SHH7fpuUs@gmail.com,NJIv11wV,user,5418847689
X0O2qBDNt,XDgot@gmail.com,zZOnzT4r,user,6632912254
6hMN,m71D63PDca@gmail.com,8dmjQnoA,user,3890748893
DYWWK,xfU9Y7iX@gmail.com,wVoXtaPg,user,3584131742
JofKrxw6,q7vg@gmail.com,EIRPYKto,user,5502573328
o8bnJ9F,Ih2uliljl@gmail.com,y6BB6h6Q,user,2011166273
TvDZ,zgmAYEzM@gmail.com,yeqV1Om9,user,0824396611
PjqqYjhdVr,FaNs@gmail.com,1fr3NpId,user,7833939703
iV9tyH,pgVL5vS@gmail.com,Ud5U2vt8,user,6700704419
QAslZLB,G9tbox@gmail.com,DB6hF8kJ,user,6263207199
H2VXRM7,YkWm@gmail.com,yqs0Qils,user,7843214840
8BAYhaTpb,Ft8uNhH2@gmail.com,fs4eFf1F,user,5990887702
PlipMmN0ZD,ZQraD@gmail.com,hmkhxOQt,user,5861646541
KXanwclr,b1kchjkH@gmail.com,1gK88jQR,user,1879714025
QUvsDUUu,7ayxZufa7@gmail.com,yx9VVoqH,user,8055316152
3D0HaL5p,QkPKeBnP@gmail.com,9rlGlKsA,admin,9503428985
6w62,jnJuQ9K@gmail.com,PIESCTDM,user,4613218883
rS1j,5THb@gmail.com,Pjyv8YFA,user,1534575190
Z6mdb0pNg,jQ6ydNI7sG@gmail.com,RhZa4rSP,user,7682963010
g8WUt,IYHU6H89a@gmail.com,Mv9AdoMt,user,2214973766
SkXzwzqaIF,fzetl@gmail.com,jNmHSlNR,user,0239469630
4xdp,cWYCnSE@gmail.com,tDI19mKX,user,9848517980
6mVf,ZmlhuFg0rv@gmail.com,NtC26hCR,user,2650083107
gUXVvDfDR8,Is4gqrLvH3@gmail.com,vL0J43NO,admin,0438881283
KU0UQ,4z8vNQ@gmail.com,g4Kb89fH,user,6247037381
2B8XEBf9c,pyTlXt@gmail.com,zQMehMpc,user,4769377611
rVNd,1OxZdj5@gmail.com,9froNgVF,user,3114438177
R8aTM4,0NZQKd@gmail.com,KhEDx3yL,user,4264373334
BOOuS,yG3W7xgNZI@gmail.com,U1zVK9Ci,user,8313604961
Zi4Hg2OlEp,tGMdgp2NGN@gmail.com,Sd1yeAA8,user,2428112737
0icTH6WLZs,Uhbvbb@gmail.com,JvUtmE0n,user,7234932678
ydbem,IhQHRuQBv@gmail.com,wwldFNUq,user,7579511213
wH10G,zEymIKN@gmail.com,7tCZBKxg,user,3412222869
szop9,ojlFxlCK@gmail.com,ZQlFWhXz,user,3273134092
cS8mpd,W9ja6Q@gmail.com,asFZFgrC,user,1333609602
bJi1lek8,WLKk4iP2Ds@gmail.com,cHJp5gbF,user,7056705390
7Km7,XTu0Rtzb@gmail.com,p2oSXua8,user,7893262624
qApUwZBi8,vRTPQseKlb@gmail.com,xGf8z3Fw,user,4460790634
QJ6GfiH5bM,uKcrdGUBq@gmail.com,j02vHu9m,user,4011398982
JmCUylGXec,ACtl0vpc@gmail.com,wqMyjNOS,user,1661455091
zc6Gv2TfB,qjK7@gmail.com,XxjWCLT5,user,9092522630
g1wdVFYk9,85f38oJhJt@gmail.com,sY8tcroK,user,6803134787
TdLukoK,cSa8@gmail.com,njrfU1uJ,admin,2761328481
Jp77v,0vR90FI0@gmail.com,1NbNERUA,user,2698489519
WVPvHOozF,xPrBgsk@gmail.com,qrZ29CSG,user,8149011040
Topqig,z0LEFYrwX@gmail.com,W4U4DkAq,user,9160634463
L8czGia,t8T2zN@gmail.com,BbICBs5D,user,7468414655
X1tOjgV6sl,RKUEEOI@gmail.com,yJZ8tXAt,user,9157521166
1TYCZnXaZn,o5sLD@gmail.com,M1JZ8lzY,user,4988462250
Tjxruvyb,mbbDQDO9@gmail.com,jLDYhAfn,user,0222941388
9CQ20,XJLSlI@gmail.com,OwfIJRLv,admin,2876300470
W6W1,a0bzXa0Ahy@gmail.com,zNkTfy1p,user,6686241163
5nZbfu,YnAKYuM@gmail.com,YFoe8VSc,user,9084536067
a2RQbzRD0S,ZsNn8wtO@gmail.com,6zRRxjLm,user,3089249779
lYcmh,UDplUBAH@gmail.com,VbAf1mxh,user,7439231285
xysiIx7,59adR90f@gmail.com,LLtcPAsT,admin,1006456086
Yo2tu4u,wZwBXJqvAO@gmail.com,Cd5Fb4kY,user,7508049984
im0cawYgcZ,2rGgLW@gmail.com,MW12kQAd,user,6376560281
woHyMW3,jVXChfW0T@gmail.com,HzIglD3u,user,2136803094
e7Nrt2G,8a3xMpJtBk@gmail.com,VJaREIxe,user,2144825784
BrZGmpJa,QF2A6qa@gmail.com,gO4UyHiL,user,8109436159
lnX6RLvQF,h1T1w2@gmail.com,0Ic3zOTe,user,6254227453
0XXZCZy7p5,X22S64@gmail.com,LUxNi1fF,user,8572611035
VwlQ,GgyB6Oc@gmail.com,NVzMXmvH,user,0326283364
uM07qh,8VLA4@gmail.com,0o5SxIQP,user,7484978980
C1yIIRD,OcfDWEt@gmail.com,PqYbi5EM,user,7309910343
zSNHNzjYf7,G5dp@gmail.com,EyoOTN9B,user,8879106915
eS8BqF,YOxug@gmail.com,nqOR4025,user,3500630898
5UXNdPuw,3rr8l5@gmail.com,DjXP6PSf,user,2023578108
5clOGSlcCq,X1Vl@gmail.com,aaNEqkf7,user,9640421358
uKo1GIgS,HRgsny@gmail.com,WEEZ1wLh,user,2143060535
Es2r,PHG5@gmail.com,1VOhRxyr,user,2487282472
73wu,aVZLK@gmail.com,JzTkClWL,user,3798495564
vkluQxF3r0,8ENAP8@gmail.com,BEPP41PC,user,0211913421
ruygiwaRA,XSdNasG2zl@gmail.com,QV42rGZl,user,5022591128
N3uKKRcVm,zPqdmt@gmail.com,TZz5LxAP,admin,7973621469
w1tQsae8M,dwSti@gmail.com,zFgbqKEe,user,6692957369
6uVHvOE,CiSCi@gmail.com,LVzHfcxO,user,9703271209
V6Ztz,n4ooQU@gmail.com,EO3WinLY,admin,3068730314
3oty9ysOWg,kgTQ1@gmail.com,pDWKZ6sZ,user,5011591720
BVsRS,DtkWAQnvi@gmail.com,mMAtepqY,user,4297638481
tA8gn,uGxATpTv1@gmail.com,UhVr20yB,user,9484406488
0PiqrYxK,mq3lAQ@gmail.com,YQinIGMT,user,1863203099
s2GftS,fUgcpWHV1@gmail.com,2FVS77Rm,user,7746350100
84SdT18,2qqCu@gmail.com,jpRfjIHO,admin,7918924086
oIql8u0,rrgo@gmail.com,cQ2q9fTN,user,1555733768
uMZSPO,7qZiNjmf1@gmail.com,zfyi9Plw,admin,5816040560
CSCGWqg,ix19Ye@gmail.com,j8HMHBs9,user,7311427568
11wuju,mFgSSm@gmail.com,KHaGyTlH,user,4473619807
19QI7f5,q5GZg@gmail.com,yQsgyg8F,user,3476681285
hzI1hBBZdS,MKo9h334r8@gmail.com,Q8BJX56I,user,4186940899
4qhqo4Qp,ntKJdTt7@gmail.com,A7atUIL4,user,9492806616
qtTRJr,2LolyHvFL@gmail.com,JCEu5lEk,user,7992756456
Yubg3XM5,0Z0imVE@gmail.com,xjmKvpBs,user,0781725763
L6uG9,EBRq@gmail.com,vgJ6JzhC,user,6534273908
66I0t,W4ccJj@gmail.com,Wydx4DAv,user,8569549821
iqylD,zx66@gmail.com,9WKwxZCs,user,4283122621
FCE5lSP,vAaFKtrN@gmail.com,m2ReorsL,user,5124728341
qJ6Nz,1J8P@gmail.com,c1rwPnAX,user,0770673007
3vl0h,L97r@gmail.com,U2ZMRmle,user,7205351693
noOSlp,7tnqBsTI@gmail.com,11jAxAPN,admin,0047274954
IjI2,N6Ki@gmail.com,OPBggeUJ,user,8543090980
TLLzyEl,wIRprooj@gmail.com,HS1P6UC8,user,5191073525
JZnwjlTX,cRaGMmJ@gmail.com,2QRmaepb,user,5588517597
n83DJPz,pdCRx6kFhv@gmail.com,FxCDcVEB,admin,4952702394
Rd6EDUPlW,BkRMDAdR@gmail.com,XATaPgFI,user,9681907429
9HMbmqfHz,pEhoRsEEz@gmail.com,KRQ3vDQU,user,2443746749
tMWWYl8,W35eqhEHi@gmail.com,pcJZ8SGs,user,1149091139
hyXlb,3RPVqXA@gmail.com,WYsgXxY9,user,8501627058
YZVSCUII1u,BOJbls@gmail.com,B50Enoaj,user,6622998714
GfxfOhE,iBrda@gmail.com,RoNCIx2u,user,6600597523
7MMcyd00P,wXzxgva@gmail.com,vttRgwWj,user,8472225310
0Nhl1jYU,ESy7D@gmail.com,kNuCnlQ7,user,9915274088
TW312n,ChJQfZ9e@gmail.com,THxjrXr3,user,0317676835
Kt0wIt,RY1fV2yt@gmail.com,m0Cqe5BN,user,2077177799
mgGDB8u,5BGKzbNM@gmail.com,vGG3TgNx,user,1629865191
AzHl,oYXIhjeX@gmail.com,JJeZ1b9D,user,5743193372
Z6kcA32Xf,Rz8xr@gmail.com,2TKdowIR,user,7368205008
GsQJSu8Elf,67EtgWabsu@gmail.com,mGwXDibN,user,9746544839
wrYNBVzN3I,YmP5m2OJjf@gmail.com,uZqp11ps,admin,1097765808
QUsg,XY1kl@gmail.com,2eUhFgMT,user,5510037836
Sq0VkI2KK,Kw3QSG@gmail.com,dRzL3Uxu,user,6785014092
p95tWjM,pmFAeBu@gmail.com,GRStrq7p,user,5616092113
P2uOCXg,ym8ESWCZ@gmail.com,V8iqyJzE,user,1105544244
jpKULbR,XGHDVciVT@gmail.com,jPn9375A,user,1774897617
9UoqFa3x1,OLU76bJDB@gmail.com,VkcQyCCa,user,9082790225
04bgM5cRkC,rsEHSPU2e@gmail.com,wn5QaLwA,user,7844750377
7InY,uqdbZH@gmail.com,RVcTDeVI,user,3467385993
ehsi,9Fvqv9v1v6@gmail.com,mN97auKs,user,7046938223
XJuB,ZPLUB49h@gmail.com,1diY8aNk,user,4011322357
kfS7Y3932,2attsj@gmail.com,hEzQm2Rv,admin,2565321611
iWDN23Al,YzhX@gmail.com,VgoRmuG6,user,4561275777
Td7glt4V,aoj5a@gmail.com,PgYKo58h,user,9182848275
o8rLjKLSeS,SyN4Pfs0@gmail.com,NBzf8cBy,user,2427023730
0gzQkHML,0XsiWoC@gmail.com,50vQeP6K,user,7105372363
49UQVVbv,S1ddAxRT7R@gmail.com,AmNOhJsQ,user,5104247319
TRbeWcyfQ,jAGSeU1Fo@gmail.com,y4NtTQjF,user,5089909185
NbaRng8m,KsZP1@gmail.com,5uicJW0K,user,2146109007
X6hp1kaM,VnTKBa@gmail.com,2sXUURVu,user,2948657928
MQUe,ga15@gmail.com,fhsRD0Tl,user,7827643182
bvECll,6HxMge5AB@gmail.com,omkzmpNK,user,7281689739
pfJnJZxI,xUtV5@gmail.com,VoWOhRG4,admin,0549915495
MqdF15P,81e4@gmail.com,FsrgER7T,user,8649864724
ZJ0H6X,hAJbWHMNo@gmail.com,Cp0X9g5I,user,8763611280
guKCYnxUHx,UFwd2tf61f@gmail.com,mwmRCkzq,user,6059969933
kb4JhnmY,pU3uAC8spS@gmail.com,hm0a5k41,user,7146358601
Ctdg,8GImt@gmail.com,Ep55urYN,user,2780097980
GLiaSYLqqP,3OuEMSsfl@gmail.com,Dy8dhr26,user,8261228090
PGiNSD,Za64dnU@gmail.com,bnvTuUUj,user,2239898861
qWbYHEGThA,KfRmWVxY@gmail.com,C2w5LpGF,user,2173226813
QmxJ6T,ubOhV@gmail.com,3MR8qtA1,user,0693292768
TI141HxdM,iL6p6geS@gmail.com,gobqJTxw,user,6858224111
sB2Qyz,PLwZjYz@gmail.com,ZiDR0SkK,user,2308781156
lDz2t63,SCzRliZIEp@gmail.com,PQ6E0YnE,user,0266794790
MyjvdBgw4,whqQ@gmail.com,6lX0MLlZ,user,7539879236
zO74kWAy,Y0Uo@gmail.com,FZyrkKGE,user,5317657941
kTanPS,RGp804@gmail.com,B23HamO9,user,5233575739
WP95Z,JQOt@gmail.com,KbFoenh1,user,6096849238
VLt6m,B0L8l@gmail.com,Xv5um6Hh,user,9748312753
HTv0sAm,06NNQU@gmail.com,LuZEcfAY,user,2630041855
LsBE,jdh5@gmail.com,jN3kvxc4,user,7672948888
ox86F,sPid@gmail.com,LsBJ47Y8,user,9363089485
WQJN7V,6bZrwSCBN6@gmail.com,mLv7b7xA,user,0699228718
Rxkn6ay,qP85@gmail.com,EMvws5WN,user,2259877249
OIUIPRHXPZ,VPpAb@gmail.com,shxj435E,admin,1078659215
HQVEqctijV,8ZXn@gmail.com,TnirD36U,user,2297294891
ztKqlgeBpf,UNbUAbU@gmail.com,5AD0BsjH,user,7719144163
gW3Glk,XL91sgx390@gmail.com,RXfQCPfL,user,9513506262
MLtTYFs,z6CA@gmail.com,1Nxx8QUb,admin,8847966889
KUOTyOzajE,8gG6hqR@gmail.com,Ko0OdMsM,user,4010637010
tojGIqIT,8hgHH@gmail.com,GDi2KgxG,admin,7752788835
YvoVP5l8u,f0FVyom@gmail.com,zZaeSSjo,user,3237973356
1ET6,Gbty@gmail.com,UQAEaM4N,user,8510447840
22ktwkpPz,4gydzvnH7Z@gmail.com,KQsmRgsd,user,4751549998
baCWJOEu,AnLI@gmail.com,mljnzQwq,user,6469991392
7l8MMU1ROs,cG1T6@gmail.com,5eyuB0Md,user,3016312755
YIkRAAqeH,1gkyL@gmail.com,rnXoato7,user,0424682698
7jxW,XpnFyM8@gmail.com,FYfSGQl2,user,0184152480
ASbdI2D,tzdGmpGSH@gmail.com,EajDo6fO,admin,0167444981
YkK8E,cKEzKx6@gmail.com,d8TIwldw,user,3305120841
f628nSO,BPUDHZ@gmail.com,0YCMrctU,admin,6365333775
UzANjhREz,Mhtho@gmail.com,Jps1W7U8,user,4931656269
nJPZhFo,JaQYV7rC@gmail.com,AcEYarIe,user,9652119259
yeNw2U5,NHUu@gmail.com,vhu9SG7N,user,8516767843
fDfa,Fc6gBdL@gmail.com,REsRUb73,user,2070416443
S1OSS,4B7sRl8d9@gmail.com,zn6jNGeU,user,0182183077
JVAeLVQv,mhz0h@gmail.com,VKwcXqXt,user,7535764340
wRuR25iwHT,sf3RJ@gmail.com,YsqEOMAo,user,7916229210
9jQTcrX,Q7pLN5j6AB@gmail.com,9X52RuVp,user,5444526739
omjvHO2C,laQf3iP4y@gmail.com,Qm3rxsX7,admin,9135760268
8Lus3WXA9,4hBQ@gmail.com,18tN9W46,user,8644807599
taAe,1GQkd@gmail.com,675A1hE2,user,5405833423
S4GfPEfLXz,7wITJz@gmail.com,HG8qeiai,user,1834208163
W172QrV,2zXAesg@gmail.com,2xEjUgbj,user,0317807628
jSKbVfKO,EddZs@gmail.com,jhht4WCB,user,0182706792
GRfDxIHKNe,LC2vay@gmail.com,Q5vDp8ud,user,4747190979
Nle8HYz61T,jjhCFs@gmail.com,MiJlhjc4,user,6833825490
t9dSDkhI6I,9vNKDA1qzK@gmail.com,YoJ9d5jf,user,5082197727
xbglHG,58AqmClJ@gmail.com,ikOAjyPU,user,2734561877
pqolxcAon,VgXeNNdv1@gmail.com,LIYjlrLh,user,0072192891
qnOnkcO,xt99g2@gmail.com,oBK0JrIN,user,4352046361
kxdx2Nmw03,gPZ1o@gmail.com,XiiG9o8B,user,0704124569
ng2C2fuBP,5VOJiMlYU@gmail.com,9Dqccisy,user,7435746857
lcposf,vvHQzxC@gmail.com,LAk1NoyI,admin,1360336040
IM2UNw,iG0Lsu3px@gmail.com,Fke8fxYm,user,3381346889
0Rlsn,hnlwhYOqV@gmail.com,ICdC1BZ6,user,8439070733
KhDquH8V,2OB1tP@gmail.com,28nPiFiG,user,8145338738
O7ITOrWSI,muTDe@gmail.com,y4JQ6tQo,admin,7243280147
QjtwF,11Ne@gmail.com,UGwNDEW8,admin,0117602321
HDlTXnLCQ,zDRR1fowiR@gmail.com,HL83rzWs,user,5779651737
Whw0z4z,J4Zk1SQ6@gmail.com,s1w1wMHN,user,5998565138
yNav,6B68ArZepx@gmail.com,QAJ0cuf0,user,4605012379
AcrbqP,7aj6@gmail.com,RIKU8ZIS,user,8867165711
pm1Ab7Dn,JUZUVNF1Jz@gmail.com,8uWGqDyo,user,0446297012
MQVOsn,vzprRx@gmail.com,m4D6EQ8Q,user,4483720742
2rKT1,tmcC58FG@gmail.com,nMu3Ocpd,user,6343790740
xhmc,im5xVnGm@gmail.com,DmG3Wvfx,user,3783096398
GpI51mkbH,zdAbXrcTr@gmail.com,1AzdnesU,user,1977776074
xkAYHahwCR,RjTQL8gb@gmail.com,gcx59v9D,user,3923358079
6MtfkD,7Ga3DGI@gmail.com,sHOOd2cO,user,4757345487
QJw2F,QOKLph4p@gmail.com,OBiZI2yp,user,1790516028
mWGFh3xu,cCkQZd5a@gmail.com,QRMgbrrb,user,6812669361
qovpxR,gei8JfAM@gmail.com,LJKDFeFB,user,2904327444
yG0z,thvJ@gmail.com,D2DcZrcp,user,9890236580
n0whqokw,d8m3We8m0W@gmail.com,scNUQrlA,user,9648572395
mHGBKQO,NHL0yX@gmail.com,SZjvGTcu,user,3460039143
DuDy6F,yY5G7ZlCMV@gmail.com,sHdzs5Vr,user,3532651670
g0b7,lIxnbK@gmail.com,Q2wfoAgs,user,5256492481
6h1C,X8rObZ@gmail.com,FEGNEvpI,user,8822023684
B0IX9lr5F2,mSa336cdV9@gmail.com,jBGGOu22,user,9069729685
DMGts1ui,5wQehNOJ0@gmail.com,Ib1lVqH2,user,6616830466
LRmI9IcCk,k3be4Vap8@gmail.com,AqYbE65d,user,0045018805
RKDrfG7E,6OU1eaZ0AS@gmail.com,8AbZbzjY,user,9244471190
iz6r0FFto,gpyHMr@gmail.com,ZslH3LFA,user,8019880734
0Kcp2H8f,4ytjn@gmail.com,1Csetf1X,user,1708348704
0qHIb2n,40ne7@gmail.com,pcd8p4Di,user,5597489330
C5O3JLBhl,nd5VC@gmail.com,8AIoi0FQ,user,9427720427
58nvt0,8OV9RL7ndF@gmail.com,Yvvp1uFS,user,3496956350
q5Pw,7nVr@gmail.com,WKVg3IBV,user,4569895966
RpNWUjvX,F3NCYfUb@gmail.com,4Edf1a5u,admin,0479260078
kOJLWbHp2Y,r2rB@gmail.com,jrvaCQWf,user,8475255115
ypG77D,v4jszt@gmail.com,wkPkCw5F,admin,6668579375
ZITv6aXvo2,xL1I@gmail.com,EgB4ahng,user,9087229706
oC5723,aCnvd3@gmail.com,ovCSyfj0,user,1393906154
Nen9luCZ,KMt7BAShL@gmail.com,9GN1dAFo,user,3788692876
7nkP,zKHi@gmail.com,RmeixW8H,user,4302617197
2gmMUYkMQ,LHvQkpR@gmail.com,1G2AjXNv,user,0915939223
8ImO,VpQbaSicf@gmail.com,m1YQoOM8,user,4013073016
cbW34Xk1,40C3uOgTl@gmail.com,WJC5piwd,admin,2245418251
LrSpn,CruT@gmail.com,qlqSb3li,user,2472843790
FWNqeIzT,zxHJW@gmail.com,E7rqa9aZ,user,7872842232
019OiKXWoY,IoBJxr@gmail.com,aWKa4X6E,admin,4155239442
SZXPL,ljMMrFcF@gmail.com,RbqpdSVe,user,7626856806
OzfiKhoP5r,byTRgW7@gmail.com,KCo20uP7,user,7238771877
K8z2,8mwYKFm@gmail.com,hn2d4ZsC,user,9145678272
ofzdVRLjv,UJsjp@gmail.com,S5IL5GFd,user,5702990532
e6BoJ,N6xD@gmail.com,UuiwMBEv,user,7796114387
DFBNNttG,KEx11ZdIc@gmail.com,qwPviWNx,user,0427740892
6q5qAl,Jy9bKt8JJ@gmail.com,BgGsfuDy,user,8843186907
yxah,7DHMfnuv@gmail.com,dmguU5mK,user,0532391536
p0o6,dTnlHcwZ@gmail.com,vcUYbUDm,admin,3667914176
H0xvJSIJI,ISFzP2f8y@gmail.com,Q0wG3rk6,user,5641394383
cAFpIi5s,kFyuKfDL@gmail.com,q7htAgbl,admin,3545260602
bJMUWEzwt,KFE1xZWnv4@gmail.com,67bR3bAu,user,7833398680
zoyzhXHV,09uT7gg0Nq@gmail.com,gPF3gzRB,user,3580857812
qQrB,R9Q9n9@gmail.com,vj2rsAJI,user,2431317371
pcXG,yTi2TUn7@gmail.com,vb1DFTpS,user,9599900883
eldQYf,jYyx@gmail.com,XcAVvyzt,user,6163564659
If8qSp2jN5,xA5utb@gmail.com,SZltDoLZ,user,3947035470
0hMv5bAFkk,ayYQwAse@gmail.com,9eybuplL,user,5741660199
Z6DL,jhrEKkXim@gmail.com,Kfc772Ur,user,1946620648
TQK6jW2,tf5UTpnsr5@gmail.com,7vb3iISF,user,1629811502
BbFS5fU,1pbigxIWfg@gmail.com,U9yptDv0,user,8146797693
H2KeSR,ZY7Ic6@gmail.com,wTEBN9eC,user,8063621234
kf4QG2V9If,FEGQs@gmail.com,hxucuZGy,user,0052033889
5aXm7z1gFq,9Mmjz5@gmail.com,4Q8ejy8O,user,9953495248
3eVfz1V,MuurL9@gmail.com,6r0df0UV,user,8096425909
LhStcz2hpC,14IUZpe@gmail.com,qXY6ziLm,user,0823327994
mFe4DZ,nLB2d7@gmail.com,rSwAl6Qd,user,6008358019
LZlUG,7hhCA7dEAT@gmail.com,9gDMzt0s,user,8706324342
A5nxy3Q2,UOXFNtn@gmail.com,Klt81z7w,user,4608037207
PNft,d2oO2@gmail.com,tNtTBcdd,user,3803802107
LvzHMGWI8,t2WDQgXE@gmail.com,nytiJFm8,user,5429263778
43G2sClWtf,LUUR@gmail.com,ff73cz1G,user,1731943537
pFmVJz,PsjGWs@gmail.com,MTTIVOJo,user,3987056765
UouU5,s8Z4esU@gmail.com,tcS1r2Fz,user,4826316276
PbjXmo,U5QM4Yn@gmail.com,K1zyi4pG,user,0187708214
21XyKh,8qRWhr@gmail.com,bsoLCZX2,user,9970568045
gsnimp,cFueLqfFf@gmail.com,Ey8ioVYl,user,3160986894
ixWsw5WYqm,yVmjpT@gmail.com,fmNx8lF7,user,1405893755
7zRhHaBCp,F6p372kdYy@gmail.com,hh6xC16I,user,2209530976
Tftdjw,peZf46is@gmail.com,JlY9Fl8w,user,1477615488
zxySf,oJqJGL@gmail.com,gIFs31iH,user,6116377273
YyEFggOIU,uawU@gmail.com,opxXWQZm,admin,0682019526
fHfP,tIj2cd3@gmail.com,Jox6gRKl,admin,5623552391
qWR6,mJSX@gmail.com,FkJ0vm25,admin,5691575188
oOofkTGgD,aLw9tD@gmail.com,5M6dkWDe,user,6929667833
Tnq57W,SXVEY@gmail.com,3iYt85Ln,user,1100366534
mDJTudouE1,DqFH@gmail.com,rRhjQEHU,admin,6801404035
Iaog9R,6gakQ4t@gmail.com,tUAYe5NZ,user,6359173438
F2BsU8,XoDg@gmail.com,6n957upd,user,0982911023
frOR,ffuZB@gmail.com,cIPl21T2,user,8796505958
Upmc,WOnKVH@gmail.com,6S8YisGw,user,1421392878
eYOehwAt,0XK5a@gmail.com,TdTk9Veg,user,2056222971
WsaH9qdIzp,7OImZb@gmail.com,Zqh9jWA9,user,5768353695
DWps,UxQumy@gmail.com,Mj7pOtlN,user,3274393333
BnKbd,jnD1@gmail.com,61ABE2vL,user,3690895072
xiMgSbtva,FrGb9aUP@gmail.com,ME6NUvyg,user,5027316162
PAqtM,zkHa@gmail.com,8bo6YYGU,user,4608680534
syZayksqX,rHMGw@gmail.com,hQ8Jt7Sc,user,9097343142
3uLF1DQV,GY20@gmail.com,sqflqLEZ,user,1969088322
WGirkjF,OkDoAMm1p@gmail.com,FKBGYXaH,user,6677974510
Ltjl,7CTJ@gmail.com,XF2XmHnr,user,4335909335
aq3jdfJa,wTeL7ioZU@gmail.com,8b6J4b81,user,8891287805
4UCKLN,P0Kj@gmail.com,wom2azyc,user,1942792248
wXt1Yo9Wg,djeK3L16@gmail.com,XnUAEBJP,user,8547995050
szSBV6JUIm,L6IA2@gmail.com,VACjkeLV,user,9393968676
0x38,3nIV@gmail.com,DBxPiZ37,user,8051114030
V8SkMcy8,aOXahz69@gmail.com,5jDAH0N8,user,8050282359
GB7SVb,9n9H@gmail.com,3I2gwiAS,admin,7772815117
Fb25R,EA7Yf@gmail.com,3xnFOksB,user,0927746474
rdJx,TPjr5H4d0@gmail.com,Utj3ihGK,user,2618443373
itZx2EhKVX,jw2Ymt@gmail.com,2vNckZ4h,admin,5794869908
rUbgX8Gh,vV1ixrJ@gmail.com,FTsXFX7w,user,5405952425
JSzu,RbcT66DYH@gmail.com,RZKrHnSW,user,5384017585
BBiHeazTPb,DMhKfEimj@gmail.com,P7CJh2Ar,user,7369343484
YjO3Jwbr,GiA7F6zMv@gmail.com,Vg1guovH,user,8229928577
P9mGDHT,jw4tozp@gmail.com,modjW1kg,user,5153708351
5l9m7Kv3d0,dXedcwTk@gmail.com,chVi7lzv,user,0068429373
uQyNqrMq,8bepGIO8@gmail.com,rtxPbGLJ,user,7006778767
YSeGW,S05e@gmail.com,D69I6M6v,user,2486873683
AryfToW3pZ,MPBmgDfo0@gmail.com,rY1CV85T,user,8359094933
7f6vQYTXMD,sNqdMU@gmail.com,KL8yqtJ8,user,2776265689
fvRo,uCb82HWn@gmail.com,jbw7IaT0,user,5035587459
4tw5xyzTkv,iHAfxAo@gmail.com,d9pzFlaB,user,5002488175
SCuZET,B6G3qZ@gmail.com,DhU8dfCc,user,4982509374
bVBoX,2Ewg@gmail.com,Hwc0vWK1,user,5334905175
5jW58k,ZEKtKS@gmail.com,DARJv11V,user,7949631034
dASaS,o7PUO@gmail.com,nYJzfPRE,user,8405735355
EnW6cPdE,BGLCL7@gmail.com,qWbF4cXw,user,6891684866
egFK,BnQQiY4yH@gmail.com,ilX46ZGU,user,2898061363
9whLK,sAGk@gmail.com,Dq5XXUBF,user,6986772954
i63EGQLTAt,sgzrDN0@gmail.com,c2xhXTsT,user,0090937659
qD9E,VKbTE7@gmail.com,gDLDfhbO,user,0103777292
Das29dCFk6,JMC3VY@gmail.com,Dt2Ptudl,user,9774691166
4CNXt6p4,0mEt8vRyuI@gmail.com,x4lkrpKx,user,9684312706
1f4xEaPd,xuiUCQ@gmail.com,EInH8W7d,user,1714248542
0j8GWAbs,HQWPO0q@gmail.com,I58zxZ7o,user,2505327598
Wq3M2FlYe5,JQM9@gmail.com,CAtMSmLG,user,1303794115
sfkq,tgud8iI@gmail.com,QR1sKDMs,user,0685896318
4tKqcpb,lkN4aj0YD@gmail.com,5l4K6J1k,user,9966629811
WSrJPlaz8X,V1sZFYJDU@gmail.com,5yWti2gv,user,7046770448
Fy7sNWO,Pi0Db50@gmail.com,tbIsiqw7,user,6776080133
Fp0pLLOZG,PHOM2s@gmail.com,0VkaNSEq,user,6774966325
OIdR8,HNcRW6Q@gmail.com,89p1IUVU,user,1402252804
VKyj,QukF0CT@gmail.com,wVXrAum4,user,2111576687
IeAZg4,bEauF@gmail.com,dg6KCs3x,user,2142256359
qzyIhGP81,SrOb@gmail.com,YKr6q6mX,user,7829673680
z7a3aiL,N3SA@gmail.com,SnHysUZo,user,0865200144
x6i8L9Kd,7vplqtX43@gmail.com,u0EoXFft,user,4150210855
1nrUiDk,KxNrw@gmail.com,u5uxxAdj,user,3748326089
AvHo,SH8c@gmail.com,3cUKYURc,user,5609275711
C1FJ,aO3vHJg@gmail.com,dtoS73gS,user,3139214059
nVxQ,QOwRYL@gmail.com,JF2lgUu9,user,2052345473
ywVv133Sf,88X2Uw5koP@gmail.com,s92bh6W9,user,7776557936
cuxi,TTeWGf@gmail.com,6ooGsK4g,user,8642316415
D2S6W3p,NCQgxe@gmail.com,LWYzLtz3,user,2167151146
XbRc2POo,sddCVNjTmF@gmail.com,sH0F6s94,user,3407646304
bPF1hiX,zSEEnSQ3Zb@gmail.com,vXLUcX04,user,2921087903
jsgsJM0p,oJwlh@gmail.com,UHwZFxjD,user,3774806655
ffqEHUs3X,15z1Y@gmail.com,qELaP6uz,user,3012366409
gls8Yw6V,Hs7I8aqh@gmail.com,ZlVnYjtQ,user,6040207745
M9jefH,bEXkCXEDDa@gmail.com,zVgXLuuH,user,6192533868
TOrd0mi5he,TMdwL0@gmail.com,UdVAjJV3,user,2877077750
pHd1FvmMFT,K7PRCkpw@gmail.com,HUiAA2kP,user,1722745418
uxh3,Vdxrh@gmail.com,0dVv4qIL,user,2577745361
KKvwyx9,upIl@gmail.com,C5i5QutX,user,3740777433
pC8f,7aIELyo@gmail.com,pxQW6n3J,user,0269170339
ggZuk6,2IdB@gmail.com,oE02qxlQ,user,3614237473
Sfxpw,BVWr3wTue@gmail.com,H54hcIlZ,user,6987764399
1CfGWf,6P7X@gmail.com,gBHXShcH,user,0904901659
5LpmJ7IEdp,GqbFN5@gmail.com,PXsnd1ud,user,7757379500
0SCMB,J6VLXaMfr@gmail.com,aDSbIIpT,user,2653328456
kL1K8cQs7,NJhpfEp@gmail.com,B6EZgqqc,user,9508155486
04xP59L,CN1TSa@gmail.com,DcydWDLe,user,1874208527
Ds8fB,PXQD@gmail.com,Vz6qzh0x,user,8373262464
Cmo2,7dmI9T@gmail.com,j5T9TuJm,admin,8291507257
Cv2h,7QSrrgelv6@gmail.com,guUepRb1,user,8476798294
K2sJYy,F8x1CpO@gmail.com,0Yn1116o,user,7461459918
s36bSi,PxgiB@gmail.com,gwdUAVyR,user,8628419210
19lEma,lm20gPTO8H@gmail.com,j6QO1MIU,user,3844551561
PgFkZk5zP,SyIlBx@gmail.com,FgHFTAoU,user,7203079875
yaqcc6EAu,wQ3CwFTTY@gmail.com,6UAQBSzn,admin,6362547091
tUaiT,sM9rRz7z@gmail.com,V2qgnB4x,user,4538942337
iqxRK9,7guuojo@gmail.com,F0NT1UHd,user,0106735519
NwVhu,KuV8MO7@gmail.com,z2D8ydxN,admin,6942601013
HKGe0hmD4h,AK2lRA1nAg@gmail.com,NOy0kseA,user,5192336013
V5CerF,ZBs5@gmail.com,7lrFtXbh,user,4709116422
sof0,gdDDAi@gmail.com,d98BRrbb,user,9066598053
guPEQfKzA,vg288FHRbR@gmail.com,C3ZdJqEn,user,5789328174
wsDpLfNxi1,54W1@gmail.com,Agr7AN52,user,0245938971
CyMRbs,la6M57uXiu@gmail.com,XZD4d2qF,user,2885313674
h74F,DVdhPN@gmail.com,xaHiroZr,user,9188426924
cqhZ8,YqSLrouY@gmail.com,F7YlLKey,user,8187905947
1JPyfdlJ,LbGE3@gmail.com,nS902qg1,user,8935833081
OWRRn6wSL,p4aX@gmail.com,bjcxmWGi,user,2334508251
beHSt0,EQyN9@gmail.com,LqHITf4T,user,7435008326
9gXBInfdV,bwSVriArG@gmail.com,SdYQLhcH,admin,1670213378
uCvuveMh,nOdnl@gmail.com,GzUc2r7Q,user,4700180021
21eGzQgu5e,ViX4YJ62gl@gmail.com,zxYBylf9,user,3330182637
jkwjb9AoF,VZ6d0r@gmail.com,L0KwuKyN,user,6644612575
g4dCKgESBp,Lz24wD@gmail.com,LeqbLNHa,user,0553571232
mA1ymJ3,NY9W8D9R@gmail.com,tBtBKCZY,user,7755222608
dcjMPB3Kd,jMSbnq@gmail.com,v1QZuowf,admin,4115182007
nDcP5vw,HvW4nQN@gmail.com,X2rmQFFj,user,4839059787
t6B78,B607WFkDA@gmail.com,UQtueYtj,admin,9813781990
b3e1Z,qS8jRn7yI@gmail.com,5GciUY7G,user,8559923330
akyc5dUbJ,MYCmvOY@gmail.com,x7JRdRjW,user,3614059246
CCcr4xUPa,kY6IFQ3HO5@gmail.com,1gpMnvBn,user,4505528833
N8zMw,shSdvjVb7@gmail.com,jHlDzMHl,user,2018298302
0sCP,L2vVtS7y2@gmail.com,a4bcfCtL,user,7607161576
fVEZq7,3W8fHX@gmail.com,TClYoxCl,user,9621046022
iJFNCTnH9c,SOWVT6Zi@gmail.com,9maUxXNE,admin,2450204689
1LeZ6dWviW,sLiTjxcf@gmail.com,3S2zaFgj,user,3466556070
umUH7NOUwB,Jbhtp@gmail.com,7Xu89nDR,user,3400932299
CsDMC0,fgPGKvs@gmail.com,eQULoqU6,user,5298642985
8cZ9,FtHv4E@gmail.com,CwzSPMN6,user,3517735934
inH4EI6,Cstw@gmail.com,KSOqVc0A,user,4902005889
ISx2t,L4RdNHdC@gmail.com,FsLdOJ1x,user,8771021410
hK1oS,0SVFhAMmh@gmail.com,WgCQShIN,user,5876152818
lbBrC,5JVYG@gmail.com,aWjtptPM,user,6936021982
tN6QDRrmT,g48uO@gmail.com,53laY5mb,user,0661517541
cmKXKT5E,HcPq@gmail.com,69Omu5pr,user,0967487597
7nLc,bsYP@gmail.com,C8zTfjFe,user,9941262531
gDH4g3,kOFX46Q@gmail.com,MsXTTD0V,user,1224222861
DH7lk,YPciA38@gmail.com,SUS3WSgi,user,6567379555
0f8i,FTJWF@gmail.com,QSozZbyW,user,1761873664
rVfZpa,SFFJFQIZkm@gmail.com,4oKKAXKB,user,7841307444
vRVv,ZfWtl4G@gmail.com,QHlqBUZI,admin,7807907024
O4hSHb67,JSwR7jJ1@gmail.com,SCOHg25q,user,2629569182
FKmuPUMcl,t7OJuj6@gmail.com,lW6toxHW,user,9201804447
zTEuunp,wSZ5X@gmail.com,kiaaNkkB,admin,3106808542
EWa7BL1e,HegN0@gmail.com,6skq61gw,user,7751230243
W5Sp1Dy,V54j@gmail.com,PlTj0r5G,admin,2361255946
cOBiHvgJfi,pVBXAL@gmail.com,FuF3kje4,user,3502637326
ez63Q8NO,3MYgroM@gmail.com,Z9DCPmi4,user,9859606464
g1wKzaAns,ED2d9x@gmail.com,Zq8ESg61,user,9837291759
3tgP5g,nAmwIn6GOs@gmail.com,pQKqNJ3M,user,5795175769
KawopURedB,jxTrmxDzJ@gmail.com,NQhZyThI,user,7433428153
4eQe2FKFFZ,LhBQW@gmail.com,Ey1iCcpq,user,8881888887
UzT9X,kIPHSGyD@gmail.com,joih3R56,user,4271672599
E9Cp,1oGvy7M3am@gmail.com,bKSoLwGN,user,8585543609
4CIatgHRE,C4QNCpI@gmail.com,S2LTJlRz,user,6915003011
4vfYg1,ekjM7PpU@gmail.com,w8qPhjNl,user,5643018196
UPW8C,OSC6@gmail.com,bCTW81aJ,user,2992280059
p7HU,yNyGVwhD@gmail.com,7f8JvHz7,user,8160750069
2RBtqW8S,ICKE@gmail.com,EFZRYc3O,user,1466437333
YR111yx,5gpM3wvU@gmail.com,mczhf9vJ,user,4274941697
SrSqR5h,kj8LDpTX@gmail.com,Z21JVdzm,user,6488285473
UGP9sWQBb,CEMl7cF@gmail.com,DF9bpfR8,user,3752317099
vnUi,hWNf4Xz@gmail.com,eQKeF2W7,user,3467573556
YAVsGh,29xr21@gmail.com,izk0dU1r,user,0815420250
0DidwOvV1,skAM1@gmail.com,FnG1keRH,user,7530776319
P0MgZICX,3BN8@gmail.com,kPZ4eNgv,user,6443218074
U3GQDrhFUH,OfGdl@gmail.com,zxCzh5dK,user,3451757945
CHTuyqys,HXlF6Xlw@gmail.com,nxNJ2hjN,user,5179460270
e7jkv9iUy,4aPNCsk1R@gmail.com,bjPaDjDm,user,6811486445
Qo477BKjW,IehAP@gmail.com,Zf8KhKan,user,8913602546
ZHMVUwYm,ZKOTB@gmail.com,QVcaRu76,user,8826069627
tfDsGIv4,oxuFwl@gmail.com,JprI3Ram,user,4757744535
VPVUFfNsTZ,fEvkOUa@gmail.com,aCHF4czk,user,8831617872
3ZkmsyXT,yv5ta6@gmail.com,zO6miZqU,user,5138458383
K2zdC,wq7bc@gmail.com,oPxP55Ox,admin,5840022802
a88KT,mM4ykkJ@gmail.com,7o14aUhc,user,4233045034
vrN66CkGH,O1gbFS@gmail.com,KqejtvzR,admin,8168558336
LzVCNcIB,eFM7@gmail.com,Xn9T6jaV,user,7121631491
J2m5w67,6ctk2TH@gmail.com,ZxVDAb9H,user,2599782820
XztT,LeD6Cw@gmail.com,0nHMrQrY,user,1990524223
A2MO3Xl,tvjS@gmail.com,1t5J94jB,user,4750769259
2ei1K,yAYrW@gmail.com,63467v0t,user,4259444910
IbWL3uP,QqArLsLBFO@gmail.com,0qyyX0Od,user,8581482445
8U3Tj,FG80GJhsmk@gmail.com,z64G8OxA,user,5137166653
PzOqlfh2xB,ZTtuDms@gmail.com,aX0saWhC,user,4758264884
HEiAZ,aYQWbmg5U@gmail.com,qSXHMvFm,user,1637633900
dRzA44NWzP,PQumi6xp2z@gmail.com,yeSP4Whu,user,8935674582
lUuefYco,ySDBQK2P@gmail.com,JWZUuXgq,user,4731988858
VOuqL6,SQAX4Enb@gmail.com,nwtitdMZ,user,9301170713
9elzl,kYow6ZJmCG@gmail.com,rv1VShkU,user,8169510919
TZbfoevHCy,yb5442yAHB@gmail.com,mBm5fWeW,user,5691928828
VGfcoH,WfSTfE@gmail.com,J8hJcTRL,user,4211766393
s7BpKZrMLe,xPI6JM@gmail.com,RtiunYN4,user,4293523721
stJydLz,HZSgqQY@gmail.com,6IMTFLSe,user,5271228006
TBkN,Q9T3zTZz@gmail.com,uweotuqc,user,2525508950
F50CWO11e3,Sox4MAhjm@gmail.com,rQByOlqB,admin,6204510577
TAIg,akX9@gmail.com,4Ufi745n,user,3567743161
SULC,oV2DRY@gmail.com,1WDQ28gN,user,1333527683
CZNe,4pezk2E@gmail.com,REi7zgxW,user,2514452636
pRkaSiDs5g,6CKtm@gmail.com,gTXQ8o66,user,9788283446
4jdEV,VQ2c1p@gmail.com,ObXDTQ0L,admin,9589495232
5Owfozk,lJT7R7@gmail.com,XIiw7fxX,user,1544489744
esiq,CQpCWmz@gmail.com,O7IHQilY,user,5856612800
vJAY,nYlXv@gmail.com,EFCyhDBq,user,8059323809
4RcoJ0,5WFZepoW@gmail.com,eJkc8dku,user,9338114758
7qZY4,DbCEO9qPHk@gmail.com,Vq7RT4di,user,6250784131
Y9rkN,6Ko4Se@gmail.com,oRsZMYtG,admin,0644909652
8arTB,YI35uZSr@gmail.com,cnjXBb0q,user,8668239608
K1tHU,CUSws7DF3@gmail.com,K7y2qsCg,user,7736416373
pDdgg,Pq0o1GH1@gmail.com,l7loTOkC,user,4143999300
qVSY,Kg5Wdbe@gmail.com,o6x4vlXO,user,5197594042
ALKOSdX,50XVBR6VG@gmail.com,R3uyLujS,user,8722372798
U9xjepUG,q9qs@gmail.com,1J8oZQ2N,user,5773646533
yXhls1Xf,jDtarm@gmail.com,P2jeakqO,user,5353777358
CSsEhQx,nEHmC1@gmail.com,GBP9xUMK,user,2896233119
uLX66E,j5HuN@gmail.com,Hqf25uR0,user,0348654727
yTWy,21eKOC1@gmail.com,bEuEBx4h,user,6756558691
ZKo1HAGk,1kLf6OhTZ@gmail.com,ONvQSQi2,user,7250900502
AYj2s15Z,zonxxeBh@gmail.com,45uNWiX4,user,7703567128
FvZb,Yd9Kd9vRl@gmail.com,IcJScz6x,user,8657666060
3vJTP9,CcxEud4@gmail.com,FqW1yoL7,user,2176347264
WEo6T,VmHTMfZZ8@gmail.com,F4dwgm7v,user,0913008061
GeV8Uae,SIO5dKHRvU@gmail.com,MnyPWQEt,user,0180530689
CDgw6RmK,lFeAq@gmail.com,8T1XBTxr,user,6934018584
5v5UM,vgUVnkaKM@gmail.com,dgkp54uo,user,8777866694
NBDR,ZHoXs@gmail.com,yaCLFAAJ,user,6513025467
0CiG,UNEnE1tvR@gmail.com,sqzlBqqE,user,3295004688
ysuc7l,DUdXZKHK0@gmail.com,X4dv8EG4,user,7588195630
DiraqUQaH,34tIIA1E@gmail.com,UPtEEd1O,user,9475163472
nqnNuZ6,fCpqv2jhp@gmail.com,tcVvjqNy,user,4837424810
uSPD9y,Ua2ESMgpZ@gmail.com,kpZcf3AT,user,1451635940
x0RJK,U3m5WRz@gmail.com,OzenMFqO,user,4873321865
eJBECdZIfT,osXH@gmail.com,Vs69r1nw,user,0921151333
X6fdjwpT,diBH@gmail.com,katdjuXx,user,5322141969
6zyPa,yifxh2okI5@gmail.com,L5XhCfK3,user,9408904438
szVQWJV,mcoc2b@gmail.com,MMNucrBH,user,7303477144
oIsTD,jnZeCVbwf@gmail.com,6tVCXXTU,user,8317103489
cVf3QvhJz,rsP9YPnWA1@gmail.com,Ik2KIiMt,user,7940166039
1c2GQMd,zSLQjxRgY@gmail.com,acGk1f57,user,5188627576
OgiJP,rvgLUabs9T@gmail.com,oKhcwg5v,user,2700585860
ZFzq,OEglfFqFkg@gmail.com,sS6omWNt,user,1756506541
c8tV20pN,oZ9rV0c@gmail.com,QUQEAGAl,user,1757039167
NWo3V,PzGU9KM@gmail.com,aWMlnByy,admin,3218352474
EXyJfZxUx,r6TbKoUY8@gmail.com,pXgvCcWw,user,3059764697
mVaRM,v2Ui2Tv@gmail.com,1roFvMc5,user,6339187762
Qrn5936,HWWaKq@gmail.com,RpRDN8a8,user,9745831228
4UxDUzL,RDRBaV@gmail.com,bTw8iikE,user,1749072422
aWNiBaI,qGjnQv8@gmail.com,Q5GrtUNT,user,4490490381
iuceOY,vdFu@gmail.com,5FIuTB3Y,user,5961284519
CdkSx,jbwGsSGQHI@gmail.com,P8rcDqd1,user,3190084348
VPsaD,THUF@gmail.com,A8vXiNoN,user,9586099695
cCzF1BRW,zN2S5R@gmail.com,Mi3B29cc,admin,6678128207
kyspLCGJV,p8HaxmyJ47@gmail.com,K9Bm8T5J,user,9863794932
uYLW8c1fl9,kUSrrjodKz@gmail.com,EzSGiVEI,user,1038419673
eB5Rq,ivOFvmC@gmail.com,0EuMPJNf,user,5689621254
UpMv,ovTo2EE@gmail.com,S7SGaKIJ,user,5791051001
nZDpV,wovH5@gmail.com,0FFPf8WU,user,0396333432
nkh1EO,77bjGPqsvk@gmail.com,uitw0no1,user,4532096389
e5cOaaQf,2w2fo7i@gmail.com,dW4pyd3g,user,7296259866
ESx6s,1F4ADHCEWk@gmail.com,oXSPZXOJ,user,6200993087
p3VkPC,hqIU4@gmail.com,KPNJKdzQ,user,5478345586
Zucthh,r0LBlb@gmail.com,lgOZMn8s,user,9578595916
K4o3yOqVxy,4jY4Y@gmail.com,GI8oPHFT,user,6174780095
vXS6jtTNPm,P5kaB5@gmail.com,fjhnH67D,user,9702370596
mH4u,24Pcr7v7E@gmail.com,oFuGBgMz,user,1963498958
eeqfATyj,pjFeWE@gmail.com,kbWIWv1r,user,0288849753
5X8GhX8,K0mEXRAyr@gmail.com,QLkRILg5,user,1604435368
eBn3XjmN,nuUO@gmail.com,gPYrsEgx,user,5678489006
P4u6CW4IX,RVTp9T@gmail.com,PmggKX18,admin,6059216421
E2FvW44T,KDZ5z45rUO@gmail.com,QvoREN2J,user,0469024441
5t7huYATH,TS8i25T@gmail.com,rdvcMEJq,user,3108957826
JZ5WV7VS,12SpT@gmail.com,K89lHFRP,user,4098618535
0DZl,Sk7i@gmail.com,zlqIf47p,user,7243247193
FnwCY2sd,3MW6xt@gmail.com,dBCGmb8X,admin,8712421002
2uo8XHJ,PL7kzi2B@gmail.com,XDfGh1q4,user,7265576879
h6n8j,VewG9E@gmail.com,9vNMEHXS,user,8243580455
28mKdi6,78t9V@gmail.com,Wje8zZeP,user,7528954428
3aD5TrP80A,4uR6SPAGGA@gmail.com,XyMpgGpZ,user,9244915828
pmh9iXm,WQT0C@gmail.com,I9oKYkM4,user,4630088202
NZbgEw2Qpj,ak7TePsS0p@gmail.com,YO03JcdQ,user,6996979432
65fXAJmgG,HCsh0e7nO@gmail.com,DDKFlVjG,user,9852675126
yBEivW,Dis5xeW6@gmail.com,F1zsJCQN,user,5627981758
arWoKZHD,VFOw@gmail.com,jbfwoXJD,user,8587540682
GQl9ifZSeD,7lcBK9l@gmail.com,pmwEKBPU,user,6646932286
JWHYCu1,p0VXOif@gmail.com,JLAU9s81,user,8756119807
JMVS,eL12LokaY@gmail.com,XgTK9GIk,user,5131252735
18ZtszGha,EYI6@gmail.com,Kql96pNB,user,1500365360
6QauWjkqKJ,6vYj@gmail.com,RrPo66lM,user,8552622197
PrIHIX,nyEB8@gmail.com,sf8Lx5cH,user,3759165940
v6nA,Txx4uM@gmail.com,kLEWiURA,admin,9881679536
G6ekBZR,aZrC7fh4d@gmail.com,AiAydU6J,user,6213946769
uZL9x,zsbjtWFpw@gmail.com,TC65rJRI,user,3020992421
8RXh,93PT@gmail.com,g4jWx4e6,admin,8704596149
jLklK,0kkR1LMC87@gmail.com,CWTF2Alb,user,4850334693
6Of8,Mr8uOYz@gmail.com,dd6BiJTv,user,9999484533
ahHgy0EW4,e7ro@gmail.com,QPvKCCHW,user,7958396654
gcFbC,piinP@gmail.com,Fin7jLmV,user,0716524696
kzWDud38GJ,OAJdkVHDe@gmail.com,E9NKsxVD,user,2821386938
lgAUMO,xmO0@gmail.com,Y0Fh0bCR,admin,2606218271
ZsoYvmmE,4AaHUz8@gmail.com,y5cHW81Q,user,1357773190
hYOHcC,x4Im18U@gmail.com,6iL21Rah,user,5058828082
KeOlBs,q8YdJiUTE@gmail.com,AajG1Nrc,admin,2868946112
FblYYX8cLJ,5uQQK4oObq@gmail.com,9e2NgQF2,user,8124771175
udI7,ge2al1nwwd@gmail.com,NmtrUHM1,user,8673468636
1k9X,pS2RPfs2P@gmail.com,0MNMUWgm,user,3937940805
BwJrzCAq,W3js2Dx@gmail.com,NczAhmJu,user,6385191056
0Tf6TdiS,cDmvaI@gmail.com,3OnIXSuI,user,1209124007
Y1sM,AKrsOq5@gmail.com,xm3YRRsK,user,1994069271
kuUPCGJ,NSIUrdt@gmail.com,K7ScOin2,user,2045925066
7mXFU19Z,r4rywxHJvp@gmail.com,6wlupmV9,admin,0544980952
trGI7ouR,XkxinQQ1@gmail.com,8ss2g2lr,admin,2264052234
IMvWG,20Ofa@gmail.com,ged8gkZw,user,3457451649
hYL79,SwrL0@gmail.com,twO4nU2H,user,1378214850
byRJV1A0y,6WWJj@gmail.com,xfbaUAqT,user,4330461094
jEojetuwUS,mLzHR@gmail.com,7yIbDUy5,user,5345325755
H4pdqMl,5uyh@gmail.com,yFj7jR7E,user,2994903424
niWow,8OSyjETHUO@gmail.com,Hlaob6Kd,user,1506900310
07zAxUFO,XuFCFs@gmail.com,DSZqOhQQ,user,5134246394
HRAMP,baIw@gmail.com,efpnCRWM,user,6716301425
jvjm,vMoBKA@gmail.com,TBcLEAnF,user,9930253052
B9eJvfXe,MHTzmI1zn0@gmail.com,LTv7diwf,user,2548215280
2DP41,9pXB@gmail.com,lcMWQ1kD,admin,6379525476
uubnc,ultOV8Rl@gmail.com,QB5ZfQhN,user,7257488067
yfpEjdaI,4jm4IB@gmail.com,hdIeuA9Q,user,5335753461
imAq5B,EKb83@gmail.com,drqNeGBf,user,7453325189
HgZIV8Fm7,sYRtN2@gmail.com,RDtdgB6O,user,9655477450
HaTMc7O,MOpuLjhFCi@gmail.com,ZM3Udc77,user,4036270376
BfA85XI,mD4pPff0Te@gmail.com,oPnQXmBM,user,0492624218
zJKp,DyTXRoTbH@gmail.com,lHFVU8ah,user,7952770690
VUZfHRcy0A,EollG@gmail.com,fttbxy0T,user,1566667651
uW3ULRW,Egvb1U@gmail.com,YsrCUKN1,user,5004488706
gWpUQ,nGelV@gmail.com,b03k4Yod,user,3876353247
6WQn9t,fhFRpFNV6@gmail.com,iVMJjzzO,user,7111444138
298MQ,jwfvYLXI@gmail.com,RgFZRZpr,admin,0663559015
nvYFx,JPZqEiY9AY@gmail.com,YXHfC3Rz,user,2322770257
i2b7I4bgOC,wX28GQ@gmail.com,ldkgpaE4,user,0975046184
qIZtDK,RXKMUE2rzM@gmail.com,oHVErUzC,user,4542318183
6oW0Q,jsBFcx@gmail.com,lhPbOics,user,0246261162
tXNzLr,Chlof@gmail.com,z9mjVyA1,user,5544377708
GQyNov3aX5,9QiJBKL6M@gmail.com,5Og3suWd,user,6092649976
zX6Fk7AGpq,qSsGOr9UWP@gmail.com,FU18qfNS,admin,1561656433
UCDr,60AV@gmail.com,46YYRpDg,user,5393494161
CERqFw5V,jvyAdCaBd@gmail.com,I8u3BCnt,user,7614101114
2MEiOk,z04JI1@gmail.com,nSC1J49X,user,4643316109
E8gGzRo0q,06XV3VK@gmail.com,kWw0HVvU,user,1340380358
6BOn,hpnLw19V@gmail.com,oYlmbZ6O,user,9025076230
phu2RUcif,JEOqIl@gmail.com,qFSbY8Qn,user,1615191491
5XWH,fX0B14xL@gmail.com,lUX2cZaB,user,8672010226
OVkbFDR7,kEA7Qe6@gmail.com,tBw7A56u,user,4268589714
J4plMeY,8F8ds@gmail.com,KtB92bEb,user,4693790801
WyfUswd4,1Cgn@gmail.com,mB7lyev9,user,0180347306
Vvy5,002DBnYhfJ@gmail.com,OoNqVtmI,user,2222108776
Np6u,VlA6G@gmail.com,e5SJuH19,user,6378073097
2aOYA,imynV@gmail.com,hK719RVW,user,4480614409
mTxkFn,C1E9I4wdB@gmail.com,vb0TDflm,admin,9251683008
dzy9sK,vDI7PrvI@gmail.com,pEP4Ff92,user,5868929734
yviHd0i,k79vRhfa3@gmail.com,fjJhDOWU,user,5543570061
BKwPcY2cGQ,nYvnZTp9Nk@gmail.com,laYQcSvI,user,3390094993
m85J3qkJw,BXJOrZQtjJ@gmail.com,Y8QhiErG,user,6205183102
IZpGkNmh,9UqrdhN@gmail.com,75NkafoD,user,8582079982
wYvVOPee,ibeMaK61@gmail.com,8Rp1FDHN,user,1250548739
SJ4eLEiQwN,le2WkV3Wxi@gmail.com,GL7zHWdW,user,0894889139
udYyaeWh,y6kK4dzkYw@gmail.com,7EwISOIT,user,4306142869
TO5D0P,ZGF61W22y@gmail.com,ayZaGFWx,admin,4996702798
IRZIyxyo,Gtxil5@gmail.com,SlZgobes,user,9050382333
j69H0hMfF,Zi8Hz@gmail.com,SeLM7DV3,user,8954313475
iF2tWKe6,U4T9i5@gmail.com,0T47TxPz,user,8749638424
eRRilR,UdESELzg@gmail.com,mg6evafd,user,2191236812
kPvYrl,xA2OgI@gmail.com,u3UUYrCH,user,8233379701
1gcC,yckd@gmail.com,ScJHUQ9F,admin,6337797767
5nM6Nvk4V,z9afpxBY@gmail.com,wASiGhmY,user,5471853480
HEBmRDg,uUM5N2jYCc@gmail.com,agq4sM4t,user,1702437312
tZEC,aEeLg1D@gmail.com,LnUvA0g6,user,9017933241
I2dX88Hl,AvN0dly@gmail.com,gbSx00I3,user,2996240081
8mKb,sohKhI3v@gmail.com,kZUOHaVE,user,9967457410
uTFIOl,0ocKL85R@gmail.com,iEnO0oSO,user,2111147061
iQ2GkUuK,zRu59CAUb@gmail.com,i8p5z89B,admin,5830990176
e2SM,bGvLyxwZj@gmail.com,VoVj8Ygc,user,6648574598
m88pYGAgc,H0u6Brsp7R@gmail.com,M43VJcsI,user,9955736829
teHeOTR9G,DOmbZ@gmail.com,0og3ZG6i,user,3391036235
KpXyEW,cHicDJR@gmail.com,Y3YYtROA,admin,6090991257
dc6U,HW3ay9@gmail.com,rn9uKW0Y,user,9304200901
eJglRGT,lpCNqEmqYB@gmail.com,wnuQv4rc,user,9021612972
rEwQ1V5,PvIOJr@gmail.com,SV5tIACG,user,3286351091
J8wm,VQ1N@gmail.com,2lNWThad,user,6029247611
cVa32Gs,9z1qywX@gmail.com,6d5teAyz,user,0127901615
Rics,wL4skOQFv@gmail.com,q3vZDPvg,user,2625931967
MyjbAX,mrKpOwVnrc@gmail.com,eWxhz9C9,admin,5935048838
gx01,BJHDURLf@gmail.com,9NBy9Bv1,user,0922491370
bVVm5,QtDXDEU1@gmail.com,fo8qODlE,user,9498398215
R3E7jLlo,wVdC3@gmail.com,w6zhxhYK,user,9899382014
jeXI9,rY4CLfDE@gmail.com,muE3oFdI,user,0238366772
9qe5D8MCo,fZGsW@gmail.com,dC8pq8fV,user,2320202274
Dw8e,ohGW@gmail.com,ILOCuPkc,user,2605130185
PxdWiKhh,e9qTttI@gmail.com,8ZMfuxy9,user,0259024241
KrMq,1aGtY@gmail.com,ujGM58Mr,user,6795822224
vFIUE,pH1enMma@gmail.com,CnFdjS4f,user,7500798656
XYJSWG2II,6HTw@gmail.com,RXcAwbEV,user,2907485171
hds4xZ2,pjWzLmq5@gmail.com,rc9kuOSr,user,0851674712
ZgSwpFMTx,svIgm1YL3@gmail.com,HDXRrMkQ,user,5954323374
qYEQ,biW7r9@gmail.com,9JUDmM1r,user,5811834760
jy6E,lFTx6Kv@gmail.com,Kg30gVgw,user,3065049330
U6J623vwb,aqhruWT@gmail.com,w4FWJwIs,user,8637398206
yOqr8TUGF,NjQyIgFTkT@gmail.com,EW6GLk39,user,6787002934
lXnYyGFVZz,CY8c8KI@gmail.com,byYIhBAJ,user,1978752202
MsuCOIWpHp,BDkJjTTu@gmail.com,mSMyBCqS,user,5020540639
TtPHUizfW,NOI4u6fh@gmail.com,nFAUME49,user,9619276766
inPR1jrWvv,GZWlWgEB@gmail.com,oNLz94ZZ,user,9993643877
uGAX,taSI@gmail.com,q5wYAYRK,user,3304866317
AqssW,I5ke@gmail.com,ZahBXV3s,user,6720735235
fhcEfOA,qYS2@gmail.com,qwDSi6Gi,user,8291839365
D5Nf,BjeCa@gmail.com,p5l65F2x,user,2850284030
IUvNCv43a,ZKuSCXRO6t@gmail.com,WVghWH3V,user,2374863096
f0c7B,D2n78W@gmail.com,CBrpFHm3,user,3656006201
pPRlJ5En,pBjdVHzrl@gmail.com,bJChRRNI,user,8458996244
WgErbINyn,kScZP7Wo@gmail.com,InlVO2eM,user,3113154146
iy8iwEz,QYtKFN@gmail.com,jlnd2r5b,user,4231112520
9NOi,akqVjsY6@gmail.com,4q1SHfWE,user,3494060154
upoX,edUdXb1HxJ@gmail.com,7jARyJ0Z,user,1776564135
2nPFpn690j,5hac77@gmail.com,H7J0oGC9,user,9476838945
1prUw5T2,ZbN2@gmail.com,TrgnYWNQ,user,5274569526
tw12emK,saUFFpiv@gmail.com,h660Bfxb,user,6525776047
7NWbq26C,qYPaudaiCG@gmail.com,NUvRfIte,user,5030602472
6Tzgk7N1a,OYIq2@gmail.com,e6B3ChzT,user,2104879746
j9N5,94aaKMeg@gmail.com,qyPCwyV0,admin,4033804741
tRURs,ExBPE78P@gmail.com,EaWkqem0,user,8927256182
JMttx,gVheSNSQxH@gmail.com,aIK2o4fZ,user,5898455041
9NOizEUp,dQoBn2QFH@gmail.com,auNNOphN,user,7682036422
hwnEROP,szZ8IYYOV@gmail.com,yAwcwOwt,user,6249561832
5odk,Nj4xc@gmail.com,3gJYRRZx,user,8032208263
em0rc3,nyIjonPEj@gmail.com,sg8vgIxp,user,7488637809
zIdW0bFO,NQR0t0ki@gmail.com,cY9qTcL2,user,8151271001
nnyMUjS,v7c0H4w@gmail.com,F1UwmUps,user,9539907921
VAT34Azp1x,pBt4@gmail.com,5FPTGIWd,user,7037890521
ViCxoLtWP,bvJLU3XhIk@gmail.com,TZspkOqI,user,8727497145
PzU1hN,YhwieozL@gmail.com,syjztzj9,user,8481895732
KO7kOLDmaK,IQbV00@gmail.com,hTjfh9Vl,user,1743638089
olPVL1,UZeFya7K@gmail.com,EcDJp9e1,user,2776602357
ZUnk,oStAlBaYtA@gmail.com,XXPr7ytb,user,1129581790
oOMn,Swh6Dn1nz6@gmail.com,szyLs0O0,user,7551833913
9MKxDqj,f1XnT@gmail.com,6LZdQUJF,user,5485089803
4mHuK,fR4cjrNM@gmail.com,b6UmlSs6,user,4906918303
k4zIW3ohtP,lc9d1N@gmail.com,li3TF0IT,user,3857744954
NmlYtPA7nb,WK9V7f@gmail.com,Cq1mRLn8,user,5990336032
3DRgQRYH,kaP7FAJdP@gmail.com,YzwgG1p7,user,1491775424
kYrOMO,PgzahtP@gmail.com,YjppFOxi,user,1831769816
8yME,Z1mL5PV3Tp@gmail.com,Lb2Z2kov,user,2415982954
1Qxw,zefJ9fJv@gmail.com,BUVY3HGt,user,9843666481
TLjnc,iUWyH@gmail.com,fZVcvpiz,user,8304033681
dfnW,AcaxvP@gmail.com,27QeULXG,user,5472906007
Ib0BHXy,Bcha5@gmail.com,HNxpypHT,user,0070764439
2zKXbApAYJ,JTz8a@gmail.com,R8SFeckI,user,1146983232
FxDUlbT7M,pnXJ@gmail.com,xYCus3pw,user,6039659555
YtIYpGNnX,smTrlHB9A@gmail.com,oBWg4n7P,user,0442724609
Btw75rYiQx,owM2wNy@gmail.com,vDnhenPu,admin,7665918027
Gi2R,ygj3g@gmail.com,h3krpeBV,user,6439845155
nvlUhJ95WE,nytskSM@gmail.com,ktU4ifjg,user,6248124217